dimension, total, kernel
2, 1.311607558, 1.15
4, 0.450101302, 0.339166
8, 0.269615317, 0.174042
